,raw_risk_score,risk_percentile,intervention_tier
1717,0.9994541374570697,100.0,Tier 1: Top 10% Risk (Immediate Action)
2247,0.9992688301198864,99.87405541561712,Tier 1: Top 10% Risk (Immediate Action)
2967,0.9992673659861555,99.74811083123426,Tier 1: Top 10% Risk (Immediate Action)
928,0.9992387723999383,99.62216624685138,Tier 1: Top 10% Risk (Immediate Action)
4024,0.9989448724405958,99.49622166246851,Tier 1: Top 10% Risk (Immediate Action)
3335,0.9988711722532556,99.37027707808565,Tier 1: Top 10% Risk (Immediate Action)
2929,0.9988700564384078,99.24433249370277,Tier 1: Top 10% Risk (Immediate Action)
1961,0.9987604639400829,99.11838790931989,Tier 1: Top 10% Risk (Immediate Action)
942,0.9987047268858104,98.99244332493703,Tier 1: Top 10% Risk (Immediate Action)
1568,0.9986329431452242,98.86649874055415,Tier 1: Top 10% Risk (Immediate Action)
2678,0.9985521939970108,98.74055415617129,Tier 1: Top 10% Risk (Immediate Action)
2819,0.9984456288975454,98.61460957178842,Tier 1: Top 10% Risk (Immediate Action)
3499,0.9983719399997563,98.48866498740554,Tier 1: Top 10% Risk (Immediate Action)
64,0.998356778511801,98.36272040302268,Tier 1: Top 10% Risk (Immediate Action)
2239,0.9983565596401571,98.2367758186398,Tier 1: Top 10% Risk (Immediate Action)
3967,0.9983160802807571,98.11083123425692,Tier 1: Top 10% Risk (Immediate Action)
3720,0.9980889658189624,97.98488664987406,Tier 1: Top 10% Risk (Immediate Action)
2758,0.9978595173803312,97.85894206549118,Tier 1: Top 10% Risk (Immediate Action)
2716,0.9976049082948505,97.73299748110831,Tier 1: Top 10% Risk (Immediate Action)
1861,0.9975855656062377,97.60705289672545,Tier 1: Top 10% Risk (Immediate Action)
3515,0.9975537913188925,97.48110831234257,Tier 1: Top 10% Risk (Immediate Action)
4413,0.9970744242897225,97.35516372795969,Tier 1: Top 10% Risk (Immediate Action)
3077,0.9969709747918855,97.22921914357683,Tier 1: Top 10% Risk (Immediate Action)
4295,0.9969158497708236,97.10327455919395,Tier 1: Top 10% Risk (Immediate Action)
4381,0.9962701806518496,96.97732997481108,Tier 1: Top 10% Risk (Immediate Action)
1753,0.9961055458878509,96.85138539042822,Tier 1: Top 10% Risk (Immediate Action)
2363,0.9957540169031016,96.72544080604534,Tier 1: Top 10% Risk (Immediate Action)
142,0.9957367356501587,96.59949622166248,Tier 1: Top 10% Risk (Immediate Action)
854,0.9955639378359215,96.4735516372796,Tier 1: Top 10% Risk (Immediate Action)
763,0.9955195125655435,96.34760705289672,Tier 1: Top 10% Risk (Immediate Action)
2207,0.9954089039187491,96.22166246851386,Tier 1: Top 10% Risk (Immediate Action)
358,0.9950801850621711,96.09571788413098,Tier 1: Top 10% Risk (Immediate Action)
3689,0.9946875511631129,95.96977329974811,Tier 1: Top 10% Risk (Immediate Action)
3896,0.9943672676715093,95.84382871536525,Tier 1: Top 10% Risk (Immediate Action)
2704,0.9943192600285085,95.71788413098237,Tier 1: Top 10% Risk (Immediate Action)
1530,0.9943158742753977,95.59193954659949,Tier 1: Top 10% Risk (Immediate Action)
1769,0.9941819276906628,95.46599496221663,Tier 1: Top 10% Risk (Immediate Action)
3832,0.9939691059027447,95.34005037783375,Tier 1: Top 10% Risk (Immediate Action)
2434,0.9938215328690955,95.21410579345087,Tier 1: Top 10% Risk (Immediate Action)
1242,0.9937951003479328,95.088161209068,Tier 1: Top 10% Risk (Immediate Action)
2326,0.9933730372013039,94.96221662468514,Tier 1: Top 10% Risk (Immediate Action)
1557,0.993161408260039,94.83627204030228,Tier 1: Top 10% Risk (Immediate Action)
1248,0.993115666336205,94.7103274559194,Tier 1: Top 10% Risk (Immediate Action)
4171,0.9925458157933188,94.58438287153652,Tier 1: Top 10% Risk (Immediate Action)
2184,0.9921498465183857,94.45843828715365,Tier 1: Top 10% Risk (Immediate Action)
3590,0.9921359845514712,94.33249370277078,Tier 1: Top 10% Risk (Immediate Action)
2794,0.9921249583234046,94.20654911838791,Tier 1: Top 10% Risk (Immediate Action)
3824,0.9921050780671345,94.08060453400505,Tier 1: Top 10% Risk (Immediate Action)
1987,0.9918978738567005,93.95465994962217,Tier 1: Top 10% Risk (Immediate Action)
241,0.9915772590591192,93.82871536523929,Tier 1: Top 10% Risk (Immediate Action)
4311,0.9915062929535327,93.70277078085643,Tier 1: Top 10% Risk (Immediate Action)
4336,0.9911649614403633,93.57682619647355,Tier 1: Top 10% Risk (Immediate Action)
3925,0.9910013544736088,93.45088161209067,Tier 1: Top 10% Risk (Immediate Action)
1161,0.990845674877066,93.3249370277078,Tier 1: Top 10% Risk (Immediate Action)
16,0.9906465277775226,93.19899244332494,Tier 1: Top 10% Risk (Immediate Action)
3396,0.9905913514895752,93.07304785894208,Tier 1: Top 10% Risk (Immediate Action)
70,0.9905111060937605,92.9471032745592,Tier 1: Top 10% Risk (Immediate Action)
3437,0.9900692689592907,92.82115869017632,Tier 1: Top 10% Risk (Immediate Action)
2688,0.9899306718519002,92.69521410579345,Tier 1: Top 10% Risk (Immediate Action)
526,0.9897962391180378,92.56926952141058,Tier 1: Top 10% Risk (Immediate Action)
253,0.9897062554160151,92.44332493702771,Tier 1: Top 10% Risk (Immediate Action)
736,0.9893706691104616,92.31738035264485,Tier 1: Top 10% Risk (Immediate Action)
4185,0.9886213849925136,92.19143576826197,Tier 1: Top 10% Risk (Immediate Action)
2695,0.9882491982974337,92.06549118387909,Tier 1: Top 10% Risk (Immediate Action)
3573,0.9880116671141862,91.93954659949623,Tier 1: Top 10% Risk (Immediate Action)
2733,0.9871757620221819,91.81360201511335,Tier 1: Top 10% Risk (Immediate Action)
2563,0.9868623682602539,91.68765743073047,Tier 1: Top 10% Risk (Immediate Action)
1254,0.9867453723958589,91.5617128463476,Tier 1: Top 10% Risk (Immediate Action)
3325,0.9862605216690008,91.43576826196474,Tier 1: Top 10% Risk (Immediate Action)
4064,0.9859743811922164,91.30982367758187,Tier 1: Top 10% Risk (Immediate Action)
4037,0.9859607090465636,91.183879093199,Tier 1: Top 10% Risk (Immediate Action)
2360,0.9856597148508325,91.05793450881612,Tier 1: Top 10% Risk (Immediate Action)
2300,0.9852499511523549,90.93198992443325,Tier 1: Top 10% Risk (Immediate Action)
3625,0.9846342348765535,90.80604534005037,Tier 1: Top 10% Risk (Immediate Action)
2257,0.9845279416711621,90.6801007556675,Tier 1: Top 10% Risk (Immediate Action)
3356,0.9840455714274938,90.55415617128463,Tier 1: Top 10% Risk (Immediate Action)
3328,0.9829541252032695,90.42821158690177,Tier 1: Top 10% Risk (Immediate Action)
2844,0.9825096734075325,90.30226700251889,Tier 1: Top 10% Risk (Immediate Action)
1822,0.9809850037223773,90.17632241813602,Tier 1: Top 10% Risk (Immediate Action)
1884,0.9798126144431527,90.05037783375315,Tier 1: Top 10% Risk (Immediate Action)
1581,0.9794559909924321,89.92443324937027,Tier 2: Top 25% Risk (Email & Advisor Meeting)
4281,0.9782838359082893,89.7984886649874,Tier 2: Top 25% Risk (Email & Advisor Meeting)
2395,0.977915606895804,89.67254408060454,Tier 2: Top 25% Risk (Email & Advisor Meeting)
441,0.9769954554974084,89.54659949622166,Tier 2: Top 25% Risk (Email & Advisor Meeting)
924,0.9769730274367939,89.4206549118388,Tier 2: Top 25% Risk (Email & Advisor Meeting)
3933,0.9756076826651291,89.29471032745592,Tier 2: Top 25% Risk (Email & Advisor Meeting)
2110,0.9734871472356253,89.16876574307305,Tier 2: Top 25% Risk (Email & Advisor Meeting)
3779,0.9718202580834375,89.04282115869017,Tier 2: Top 25% Risk (Email & Advisor Meeting)
1594,0.9707332921741597,88.9168765743073,Tier 2: Top 25% Risk (Email & Advisor Meeting)
2366,0.9705907952739969,88.79093198992443,Tier 2: Top 25% Risk (Email & Advisor Meeting)
3544,0.9699340535863902,88.66498740554157,Tier 2: Top 25% Risk (Email & Advisor Meeting)
2106,0.9687554633556243,88.53904282115869,Tier 2: Top 25% Risk (Email & Advisor Meeting)
4132,0.9680444325912745,88.41309823677582,Tier 2: Top 25% Risk (Email & Advisor Meeting)
2782,0.9673771932041557,88.28715365239294,Tier 2: Top 25% Risk (Email & Advisor Meeting)
2197,0.9667289480215554,88.16120906801007,Tier 2: Top 25% Risk (Email & Advisor Meeting)
3899,0.96649841239881,88.0352644836272,Tier 2: Top 25% Risk (Email & Advisor Meeting)
2725,0.9659927313544019,87.90931989924434,Tier 2: Top 25% Risk (Email & Advisor Meeting)
191,0.9654199330162125,87.78337531486146,Tier 2: Top 25% Risk (Email & Advisor Meeting)
2511,0.9642302547649502,87.6574307304786,Tier 2: Top 25% Risk (Email & Advisor Meeting)
2673,0.9638858127103664,87.53148614609572,Tier 2: Top 25% Risk (Email & Advisor Meeting)
4172,0.9636662799778645,87.40554156171285,Tier 2: Top 25% Risk (Email & Advisor Meeting)
2567,0.9636203415631394,87.27959697732997,Tier 2: Top 25% Risk (Email & Advisor Meeting)
3646,0.9634565385711243,87.1536523929471,Tier 2: Top 25% Risk (Email & Advisor Meeting)
558,0.9630731484660167,87.02770780856423,Tier 2: Top 25% Risk (Email & Advisor Meeting)
89,0.9610399426667396,86.90176322418137,Tier 2: Top 25% Risk (Email & Advisor Meeting)
1333,0.9606257630476115,86.77581863979849,Tier 2: Top 25% Risk (Email & Advisor Meeting)
3461,0.9605823374161816,86.64987405541562,Tier 2: Top 25% Risk (Email & Advisor Meeting)
729,0.9604024297889263,86.52392947103274,Tier 2: Top 25% Risk (Email & Advisor Meeting)
2872,0.9598962769856512,86.39798488664987,Tier 2: Top 25% Risk (Email & Advisor Meeting)
3194,0.9591146179925604,86.272040302267,Tier 2: Top 25% Risk (Email & Advisor Meeting)
2196,0.9589259499018834,86.14609571788414,Tier 2: Top 25% Risk (Email & Advisor Meeting)
2490,0.9585495944909957,86.02015113350126,Tier 2: Top 25% Risk (Email & Advisor Meeting)
805,0.9581025118484663,85.8942065491184,Tier 2: Top 25% Risk (Email & Advisor Meeting)
561,0.9580320921413517,85.76826196473552,Tier 2: Top 25% Risk (Email & Advisor Meeting)
1771,0.9569639438894886,85.64231738035264,Tier 2: Top 25% Risk (Email & Advisor Meeting)
1733,0.9568186973413537,85.51637279596977,Tier 2: Top 25% Risk (Email & Advisor Meeting)
1436,0.956340853364371,85.3904282115869,Tier 2: Top 25% Risk (Email & Advisor Meeting)
2151,0.9557686497861438,85.26448362720403,Tier 2: Top 25% Risk (Email & Advisor Meeting)
401,0.9541535645492107,85.13853904282117,Tier 2: Top 25% Risk (Email & Advisor Meeting)
3389,0.9539940953477462,85.01259445843829,Tier 2: Top 25% Risk (Email & Advisor Meeting)
1849,0.95388875999477,84.88664987405542,Tier 2: Top 25% Risk (Email & Advisor Meeting)
3610,0.9536525730618757,84.76070528967254,Tier 2: Top 25% Risk (Email & Advisor Meeting)
3218,0.9528863378912497,84.63476070528966,Tier 2: Top 25% Risk (Email & Advisor Meeting)
930,0.9527800605609169,84.5088161209068,Tier 2: Top 25% Risk (Email & Advisor Meeting)
3412,0.9524205239423366,84.38287153652394,Tier 2: Top 25% Risk (Email & Advisor Meeting)
3343,0.9522614243698501,84.25692695214106,Tier 2: Top 25% Risk (Email & Advisor Meeting)
346,0.9509059609505016,84.1309823677582,Tier 2: Top 25% Risk (Email & Advisor Meeting)
1794,0.9507116125661724,84.00503778337531,Tier 2: Top 25% Risk (Email & Advisor Meeting)
1103,0.9505887067242617,83.87909319899244,Tier 2: Top 25% Risk (Email & Advisor Meeting)
2587,0.9505547945646147,83.75314861460957,Tier 2: Top 25% Risk (Email & Advisor Meeting)
3596,0.9485336766509634,83.6272040302267,Tier 2: Top 25% Risk (Email & Advisor Meeting)
2598,0.9474645731730693,83.50125944584383,Tier 2: Top 25% Risk (Email & Advisor Meeting)
3451,0.9471215870535069,83.37531486146096,Tier 2: Top 25% Risk (Email & Advisor Meeting)
697,0.946794981853117,83.24937027707809,Tier 2: Top 25% Risk (Email & Advisor Meeting)
1895,0.9467681825921481,83.12342569269522,Tier 2: Top 25% Risk (Email & Advisor Meeting)
367,0.9457739372767174,82.99748110831234,Tier 2: Top 25% Risk (Email & Advisor Meeting)
4373,0.9447374538229831,82.87153652392946,Tier 2: Top 25% Risk (Email & Advisor Meeting)
2837,0.9429891581681836,82.7455919395466,Tier 2: Top 25% Risk (Email & Advisor Meeting)
1880,0.9422362828994312,82.61964735516372,Tier 2: Top 25% Risk (Email & Advisor Meeting)
3523,0.9405858239877425,82.49370277078086,Tier 2: Top 25% Risk (Email & Advisor Meeting)
116,0.9393559666739453,82.36775818639799,Tier 2: Top 25% Risk (Email & Advisor Meeting)
2024,0.9387346311686622,82.24181360201511,Tier 2: Top 25% Risk (Email & Advisor Meeting)
3894,0.9380602759499218,82.11586901763224,Tier 2: Top 25% Risk (Email & Advisor Meeting)
2544,0.9345429414335232,81.98992443324937,Tier 2: Top 25% Risk (Email & Advisor Meeting)
2321,0.9343683600828236,81.86397984886649,Tier 2: Top 25% Risk (Email & Advisor Meeting)
2108,0.9320655606147921,81.73803526448363,Tier 2: Top 25% Risk (Email & Advisor Meeting)
3715,0.9315582175891873,81.61209068010076,Tier 2: Top 25% Risk (Email & Advisor Meeting)
505,0.9311134577600764,81.48614609571788,Tier 2: Top 25% Risk (Email & Advisor Meeting)
3366,0.9308574141725011,81.36020151133502,Tier 2: Top 25% Risk (Email & Advisor Meeting)
2809,0.9291804609076618,81.23425692695214,Tier 2: Top 25% Risk (Email & Advisor Meeting)
651,0.9273742301365003,81.10831234256926,Tier 2: Top 25% Risk (Email & Advisor Meeting)
427,0.9249121408602604,80.9823677581864,Tier 2: Top 25% Risk (Email & Advisor Meeting)
1563,0.9245459807080514,80.85642317380352,Tier 2: Top 25% Risk (Email & Advisor Meeting)
3384,0.9229432610490041,80.73047858942066,Tier 2: Top 25% Risk (Email & Advisor Meeting)
3051,0.9224125803021139,80.60453400503779,Tier 2: Top 25% Risk (Email & Advisor Meeting)
1750,0.9217513138301535,80.47858942065491,Tier 2: Top 25% Risk (Email & Advisor Meeting)
2035,0.9203560274442942,80.35264483627203,Tier 2: Top 25% Risk (Email & Advisor Meeting)
3594,0.920339622974196,80.22670025188917,Tier 2: Top 25% Risk (Email & Advisor Meeting)
3632,0.9187566237917303,80.10075566750629,Tier 2: Top 25% Risk (Email & Advisor Meeting)
3085,0.9185914578183006,79.97481108312343,Tier 2: Top 25% Risk (Email & Advisor Meeting)
1970,0.9182609958538377,79.84886649874056,Tier 2: Top 25% Risk (Email & Advisor Meeting)
4198,0.9174388124561652,79.72292191435768,Tier 2: Top 25% Risk (Email & Advisor Meeting)
2594,0.9148356251071241,79.59697732997482,Tier 2: Top 25% Risk (Email & Advisor Meeting)
2859,0.9143398676858682,79.47103274559194,Tier 2: Top 25% Risk (Email & Advisor Meeting)
2392,0.9126444396745056,79.34508816120906,Tier 2: Top 25% Risk (Email & Advisor Meeting)
3785,0.9124375473690414,79.2191435768262,Tier 2: Top 25% Risk (Email & Advisor Meeting)
1976,0.9121569602952511,79.09319899244332,Tier 2: Top 25% Risk (Email & Advisor Meeting)
591,0.9119231644600237,78.96725440806046,Tier 2: Top 25% Risk (Email & Advisor Meeting)
3560,0.9045868647556038,78.84130982367759,Tier 2: Top 25% Risk (Email & Advisor Meeting)
152,0.9045048926091237,78.71536523929471,Tier 2: Top 25% Risk (Email & Advisor Meeting)
2412,0.9035451096471953,78.58942065491183,Tier 2: Top 25% Risk (Email & Advisor Meeting)
2346,0.9031217944775083,78.46347607052897,Tier 2: Top 25% Risk (Email & Advisor Meeting)
3007,0.9010297568416494,78.33753148614609,Tier 2: Top 25% Risk (Email & Advisor Meeting)
3659,0.8979722535343975,78.21158690176321,Tier 2: Top 25% Risk (Email & Advisor Meeting)
1102,0.8977386706326247,78.08564231738035,Tier 2: Top 25% Risk (Email & Advisor Meeting)
4234,0.8951451626572243,77.95969773299748,Tier 2: Top 25% Risk (Email & Advisor Meeting)
1471,0.8946752396241242,77.83375314861462,Tier 2: Top 25% Risk (Email & Advisor Meeting)
1967,0.8942015267726694,77.70780856423174,Tier 2: Top 25% Risk (Email & Advisor Meeting)
4011,0.8917814295121941,77.58186397984886,Tier 2: Top 25% Risk (Email & Advisor Meeting)
1954,0.8892533502363394,77.455919395466,Tier 2: Top 25% Risk (Email & Advisor Meeting)
556,0.8892364024657974,77.32997481108312,Tier 2: Top 25% Risk (Email & Advisor Meeting)
362,0.8889964376536389,77.20403022670025,Tier 2: Top 25% Risk (Email & Advisor Meeting)
2234,0.8882114150762469,77.07808564231739,Tier 2: Top 25% Risk (Email & Advisor Meeting)
4081,0.8879005677685647,76.95214105793451,Tier 2: Top 25% Risk (Email & Advisor Meeting)
1705,0.8852961921882457,76.82619647355163,Tier 2: Top 25% Risk (Email & Advisor Meeting)
2840,0.8849304303285659,76.70025188916877,Tier 2: Top 25% Risk (Email & Advisor Meeting)
2772,0.8840432799635214,76.57430730478589,Tier 2: Top 25% Risk (Email & Advisor Meeting)
573,0.8823245369651284,76.44836272040301,Tier 2: Top 25% Risk (Email & Advisor Meeting)
3463,0.8806165841151784,76.32241813602015,Tier 2: Top 25% Risk (Email & Advisor Meeting)
4148,0.8805429344608426,76.19647355163728,Tier 2: Top 25% Risk (Email & Advisor Meeting)
1088,0.8799142526980032,76.0705289672544,Tier 2: Top 25% Risk (Email & Advisor Meeting)
45,0.8796593902083151,75.94458438287154,Tier 2: Top 25% Risk (Email & Advisor Meeting)
837,0.878121645721197,75.81863979848866,Tier 2: Top 25% Risk (Email & Advisor Meeting)
3529,0.8738698944850211,75.6926952141058,Tier 2: Top 25% Risk (Email & Advisor Meeting)
2445,0.8729634351649898,75.56675062972292,Tier 2: Top 25% Risk (Email & Advisor Meeting)
2193,0.8719611360951353,75.44080604534005,Tier 2: Top 25% Risk (Email & Advisor Meeting)
975,0.8718077581890759,75.31486146095719,Tier 2: Top 25% Risk (Email & Advisor Meeting)
1268,0.8701921512459788,75.18891687657431,Tier 2: Top 25% Risk (Email & Advisor Meeting)
3159,0.8685669437423414,75.06297229219143,Tier 2: Top 25% Risk (Email & Advisor Meeting)
3940,0.8663206161529183,74.93702770780857,Tier 3: Above Average Risk (Watchlist)
1821,0.8598698983527434,74.81108312342569,Tier 3: Above Average Risk (Watchlist)
3778,0.8594927719133821,74.68513853904281,Tier 3: Above Average Risk (Watchlist)
2877,0.8585001058780759,74.55919395465995,Tier 3: Above Average Risk (Watchlist)
4354,0.8570028176815048,74.43324937027708,Tier 3: Above Average Risk (Watchlist)
2601,0.8560631797423468,74.3073047858942,Tier 3: Above Average Risk (Watchlist)
1503,0.851665681847457,74.18136020151134,Tier 3: Above Average Risk (Watchlist)
1837,0.851018616160532,74.05541561712846,Tier 3: Above Average Risk (Watchlist)
1428,0.848936295402995,73.9294710327456,Tier 3: Above Average Risk (Watchlist)
4186,0.8486902953380561,73.80352644836272,Tier 3: Above Average Risk (Watchlist)
774,0.847528403754163,73.67758186397985,Tier 3: Above Average Risk (Watchlist)
2722,0.8466957815759663,73.55163727959699,Tier 3: Above Average Risk (Watchlist)
3441,0.8463773496145685,73.42569269521411,Tier 3: Above Average Risk (Watchlist)
2697,0.845254961758704,73.29974811083123,Tier 3: Above Average Risk (Watchlist)
1299,0.8447646368594874,73.17380352644837,Tier 3: Above Average Risk (Watchlist)
642,0.8444870755233425,73.04785894206549,Tier 3: Above Average Risk (Watchlist)
963,0.843584311887664,72.92191435768261,Tier 3: Above Average Risk (Watchlist)
2762,0.8424935200872185,72.79596977329975,Tier 3: Above Average Risk (Watchlist)
1458,0.8407691447926822,72.67002518891688,Tier 3: Above Average Risk (Watchlist)
391,0.8396671799979094,72.544080604534,Tier 3: Above Average Risk (Watchlist)
1785,0.8387291743539567,72.41813602015114,Tier 3: Above Average Risk (Watchlist)
3240,0.8370466608457948,72.29219143576826,Tier 3: Above Average Risk (Watchlist)
1326,0.8369538846355017,72.16624685138538,Tier 3: Above Average Risk (Watchlist)
1827,0.835722079817069,72.04030226700252,Tier 3: Above Average Risk (Watchlist)
969,0.8347858748389975,71.91435768261965,Tier 3: Above Average Risk (Watchlist)
2281,0.8345810828574549,71.78841309823679,Tier 3: Above Average Risk (Watchlist)
1153,0.8343363363536441,71.66246851385391,Tier 3: Above Average Risk (Watchlist)
2554,0.8334363905124981,71.53652392947103,Tier 3: Above Average Risk (Watchlist)
3339,0.8334018442408753,71.41057934508817,Tier 3: Above Average Risk (Watchlist)
4235,0.8328958500057446,71.28463476070529,Tier 3: Above Average Risk (Watchlist)
3192,0.8328015602762838,71.15869017632241,Tier 3: Above Average Risk (Watchlist)
1535,0.8304669405591387,71.03274559193954,Tier 3: Above Average Risk (Watchlist)
637,0.8304476238700041,70.90680100755668,Tier 3: Above Average Risk (Watchlist)
1316,0.829831149153675,70.7808564231738,Tier 3: Above Average Risk (Watchlist)
382,0.8291825987609103,70.65491183879094,Tier 3: Above Average Risk (Watchlist)
4124,0.8278594039862949,70.52896725440806,Tier 3: Above Average Risk (Watchlist)
4180,0.8275275208799576,70.40302267002518,Tier 3: Above Average Risk (Watchlist)
4343,0.827503455378908,70.27707808564232,Tier 3: Above Average Risk (Watchlist)
500,0.8209493755476894,70.15113350125944,Tier 3: Above Average Risk (Watchlist)
4143,0.8205882606302946,70.02518891687657,Tier 3: Above Average Risk (Watchlist)
4192,0.8199134417470437,69.89924433249371,Tier 3: Above Average Risk (Watchlist)
2986,0.8189815201100511,69.77329974811083,Tier 3: Above Average Risk (Watchlist)
3196,0.817652082141975,69.64735516372797,Tier 3: Above Average Risk (Watchlist)
1113,0.8148571391796299,69.52141057934509,Tier 3: Above Average Risk (Watchlist)
2668,0.8140250398973047,69.39546599496221,Tier 3: Above Average Risk (Watchlist)
117,0.8136328603025922,69.26952141057934,Tier 3: Above Average Risk (Watchlist)
2759,0.8135586553943012,69.14357682619648,Tier 3: Above Average Risk (Watchlist)
2721,0.8120569830436111,69.0176322418136,Tier 3: Above Average Risk (Watchlist)
1713,0.8110208656848978,68.89168765743074,Tier 3: Above Average Risk (Watchlist)
719,0.8095908269962712,68.76574307304786,Tier 3: Above Average Risk (Watchlist)
1152,0.8078313087308939,68.63979848866498,Tier 3: Above Average Risk (Watchlist)
4147,0.8029575456360699,68.51385390428212,Tier 3: Above Average Risk (Watchlist)
3841,0.8027027752671072,68.38790931989924,Tier 3: Above Average Risk (Watchlist)
2650,0.799857312141738,68.26196473551637,Tier 3: Above Average Risk (Watchlist)
3155,0.7992794971195171,68.13602015113351,Tier 3: Above Average Risk (Watchlist)
3935,0.7950538454896616,68.01007556675063,Tier 3: Above Average Risk (Watchlist)
2921,0.7913977617746177,67.88413098236776,Tier 3: Above Average Risk (Watchlist)
2488,0.7906558121620278,67.75818639798489,Tier 3: Above Average Risk (Watchlist)
3741,0.7903746006385838,67.63224181360201,Tier 3: Above Average Risk (Watchlist)
4170,0.7894947509845025,67.50629722921914,Tier 3: Above Average Risk (Watchlist)
873,0.7883017494014534,67.38035264483628,Tier 3: Above Average Risk (Watchlist)
4320,0.7880878048815548,67.2544080604534,Tier 3: Above Average Risk (Watchlist)
4082,0.7875370443195272,67.12846347607054,Tier 3: Above Average Risk (Watchlist)
2824,0.7874902060283584,67.00251889168766,Tier 3: Above Average Risk (Watchlist)
983,0.783486759535226,66.87657430730478,Tier 3: Above Average Risk (Watchlist)
3531,0.7787424723035079,66.75062972292191,Tier 3: Above Average Risk (Watchlist)
2457,0.7774440348304347,66.62468513853904,Tier 3: Above Average Risk (Watchlist)
1773,0.7770004439530935,66.49874055415617,Tier 3: Above Average Risk (Watchlist)
3282,0.7764048840913019,66.3727959697733,Tier 3: Above Average Risk (Watchlist)
2383,0.7754691146385673,66.24685138539043,Tier 3: Above Average Risk (Watchlist)
1710,0.7717993711708531,66.12090680100756,Tier 3: Above Average Risk (Watchlist)
3119,0.7715932658944376,65.99496221662469,Tier 3: Above Average Risk (Watchlist)
1511,0.7707703790786818,65.8690176322418,Tier 3: Above Average Risk (Watchlist)
2896,0.769406527419768,65.74307304785894,Tier 3: Above Average Risk (Watchlist)
3542,0.7686444924530486,65.61712846347606,Tier 3: Above Average Risk (Watchlist)
4406,0.7667704531331094,65.4911838790932,Tier 3: Above Average Risk (Watchlist)
2764,0.7659278936354553,65.36523929471034,Tier 3: Above Average Risk (Watchlist)
2787,0.763319222925406,65.23929471032746,Tier 3: Above Average Risk (Watchlist)
4228,0.7631348766483907,65.11335012594458,Tier 3: Above Average Risk (Watchlist)
2586,0.762765474676911,64.98740554156171,Tier 3: Above Average Risk (Watchlist)
2264,0.7622088634737059,64.86146095717883,Tier 3: Above Average Risk (Watchlist)
32,0.761656183586239,64.73551637279597,Tier 3: Above Average Risk (Watchlist)
1896,0.7572137244456005,64.6095717884131,Tier 3: Above Average Risk (Watchlist)
2208,0.7548351580590765,64.48362720403023,Tier 3: Above Average Risk (Watchlist)
29,0.7543295765623458,64.35768261964736,Tier 3: Above Average Risk (Watchlist)
1324,0.7522816483790427,64.23173803526448,Tier 3: Above Average Risk (Watchlist)
1680,0.7520025436874007,64.1057934508816,Tier 3: Above Average Risk (Watchlist)
2053,0.7507676553395988,63.97984886649874,Tier 3: Above Average Risk (Watchlist)
2236,0.7487988005210017,63.85390428211587,Tier 3: Above Average Risk (Watchlist)
4088,0.7471086767931445,63.72795969773299,Tier 3: Above Average Risk (Watchlist)
330,0.7455273654998018,63.60201511335013,Tier 3: Above Average Risk (Watchlist)
661,0.7438432908266129,63.476070528967256,Tier 3: Above Average Risk (Watchlist)
927,0.7426794438033285,63.35012594458438,Tier 3: Above Average Risk (Watchlist)
2761,0.7424650125376216,63.22418136020151,Tier 3: Above Average Risk (Watchlist)
4335,0.7419827299918444,63.09823677581864,Tier 3: Above Average Risk (Watchlist)
3267,0.7418174933895388,62.97229219143576,Tier 3: Above Average Risk (Watchlist)
3979,0.7412111214467713,62.8463476070529,Tier 3: Above Average Risk (Watchlist)
2470,0.7400708106859589,62.72040302267003,Tier 3: Above Average Risk (Watchlist)
440,0.7393883695443004,62.59445843828715,Tier 3: Above Average Risk (Watchlist)
908,0.7385142331014152,62.468513853904284,Tier 3: Above Average Risk (Watchlist)
3147,0.736209652489357,62.342569269521405,Tier 3: Above Average Risk (Watchlist)
166,0.7350628061549097,62.21662468513854,Tier 3: Above Average Risk (Watchlist)
2868,0.7350469013974179,62.09068010075567,Tier 3: Above Average Risk (Watchlist)
1120,0.7338596679949706,61.96473551637279,Tier 3: Above Average Risk (Watchlist)
2515,0.7336415073245528,61.83879093198993,Tier 3: Above Average Risk (Watchlist)
109,0.7330884643918052,61.712846347607055,Tier 3: Above Average Risk (Watchlist)
530,0.7328043498840279,61.586901763224176,Tier 3: Above Average Risk (Watchlist)
1462,0.7326933109878953,61.46095717884131,Tier 3: Above Average Risk (Watchlist)
1587,0.730658427768589,61.33501259445844,Tier 3: Above Average Risk (Watchlist)
3227,0.7305033003848803,61.20906801007556,Tier 3: Above Average Risk (Watchlist)
1968,0.7270539473557325,61.0831234256927,Tier 3: Above Average Risk (Watchlist)
2384,0.7269523185889691,60.957178841309826,Tier 3: Above Average Risk (Watchlist)
305,0.7226233613776408,60.83123425692695,Tier 3: Above Average Risk (Watchlist)
3067,0.721550231278377,60.70528967254408,Tier 3: Above Average Risk (Watchlist)
340,0.7180425344758192,60.579345088161205,Tier 3: Above Average Risk (Watchlist)
3183,0.717951775201633,60.45340050377834,Tier 3: Above Average Risk (Watchlist)
170,0.7170417175528145,60.32745591939547,Tier 3: Above Average Risk (Watchlist)
1727,0.7169288095561102,60.20151133501259,Tier 3: Above Average Risk (Watchlist)
1596,0.7158509521506142,60.075566750629726,Tier 3: Above Average Risk (Watchlist)
3478,0.7138056602595606,59.949622166246854,Tier 3: Above Average Risk (Watchlist)
1670,0.7133794768885208,59.823677581863976,Tier 3: Above Average Risk (Watchlist)
379,0.7127597529018544,59.69773299748111,Tier 3: Above Average Risk (Watchlist)
375,0.7084081283149588,59.57178841309824,Tier 3: Above Average Risk (Watchlist)
1474,0.704820191925268,59.44584382871536,Tier 3: Above Average Risk (Watchlist)
324,0.7013579185316235,59.3198992443325,Tier 3: Above Average Risk (Watchlist)
645,0.7004283101748912,59.19395465994962,Tier 3: Above Average Risk (Watchlist)
934,0.6996418331240256,59.06801007556675,Tier 3: Above Average Risk (Watchlist)
1155,0.6996405038306901,58.94206549118388,Tier 3: Above Average Risk (Watchlist)
700,0.6987663981774934,58.816120906801004,Tier 3: Above Average Risk (Watchlist)
1211,0.6972260164864739,58.69017632241813,Tier 3: Above Average Risk (Watchlist)
2195,0.6964451651058214,58.56423173803527,Tier 3: Above Average Risk (Watchlist)
1752,0.6962097353892768,58.43828715365239,Tier 3: Above Average Risk (Watchlist)
4364,0.695616152104268,58.312342569269525,Tier 3: Above Average Risk (Watchlist)
1186,0.6913031963667705,58.18639798488665,Tier 3: Above Average Risk (Watchlist)
1533,0.6911518340792511,58.060453400503775,Tier 3: Above Average Risk (Watchlist)
3907,0.6909224716502781,57.93450881612091,Tier 3: Above Average Risk (Watchlist)
3231,0.6890095515327571,57.80856423173803,Tier 3: Above Average Risk (Watchlist)
2881,0.6887566383229048,57.68261964735516,Tier 3: Above Average Risk (Watchlist)
1681,0.6884799845747284,57.556675062972296,Tier 3: Above Average Risk (Watchlist)
3073,0.6880910565590854,57.43073047858942,Tier 3: Above Average Risk (Watchlist)
2670,0.6859201347121985,57.304785894206546,Tier 3: Above Average Risk (Watchlist)
3937,0.6817030257059372,57.17884130982368,Tier 3: Above Average Risk (Watchlist)
2222,0.6795415975494091,57.0528967254408,Tier 3: Above Average Risk (Watchlist)
1498,0.6775619644147215,56.92695214105793,Tier 3: Above Average Risk (Watchlist)
4412,0.6738672691834355,56.80100755667507,Tier 3: Above Average Risk (Watchlist)
402,0.6734690065151494,56.67506297229219,Tier 3: Above Average Risk (Watchlist)
1737,0.6729788624148805,56.549118387909324,Tier 3: Above Average Risk (Watchlist)
3237,0.671274697547961,56.42317380352645,Tier 3: Above Average Risk (Watchlist)
1278,0.6707309933482141,56.297229219143574,Tier 3: Above Average Risk (Watchlist)
186,0.6686123412088407,56.17128463476071,Tier 3: Above Average Risk (Watchlist)
2441,0.6667509378297525,56.04534005037783,Tier 3: Above Average Risk (Watchlist)
2373,0.6584249821339351,55.91939546599496,Tier 3: Above Average Risk (Watchlist)
3341,0.657690293914174,55.793450881612095,Tier 3: Above Average Risk (Watchlist)
1561,0.6562750422825647,55.66750629722922,Tier 3: Above Average Risk (Watchlist)
1774,0.6548929198492096,55.541561712846345,Tier 3: Above Average Risk (Watchlist)
841,0.6548339364022943,55.41561712846348,Tier 3: Above Average Risk (Watchlist)
3758,0.6546214544039964,55.2896725440806,Tier 3: Above Average Risk (Watchlist)
2620,0.6525872464661231,55.16372795969773,Tier 3: Above Average Risk (Watchlist)
388,0.6504453040998261,55.037783375314866,Tier 3: Above Average Risk (Watchlist)
1173,0.6472539168319071,54.91183879093199,Tier 3: Above Average Risk (Watchlist)
1783,0.6470688689879799,54.78589420654912,Tier 3: Above Average Risk (Watchlist)
4285,0.646286895616655,54.65994962216625,Tier 3: Above Average Risk (Watchlist)
4273,0.6430696246526795,54.53400503778337,Tier 3: Above Average Risk (Watchlist)
996,0.6427810722010534,54.40806045340051,Tier 3: Above Average Risk (Watchlist)
4257,0.6427113248742619,54.28211586901763,Tier 3: Above Average Risk (Watchlist)
3075,0.6407042988997884,54.15617128463476,Tier 3: Above Average Risk (Watchlist)
3665,0.6378766967926006,54.030226700251895,Tier 3: Above Average Risk (Watchlist)
1920,0.6369292629922167,53.904282115869016,Tier 3: Above Average Risk (Watchlist)
2241,0.636193080283075,53.778337531486144,Tier 3: Above Average Risk (Watchlist)
1347,0.6355266231564214,53.65239294710328,Tier 3: Above Average Risk (Watchlist)
2374,0.6354789350577542,53.5264483627204,Tier 3: Above Average Risk (Watchlist)
2972,0.6325863435603759,53.40050377833753,Tier 3: Above Average Risk (Watchlist)
390,0.6297828906184322,53.274559193954666,Tier 3: Above Average Risk (Watchlist)
997,0.6294730124513109,53.14861460957179,Tier 3: Above Average Risk (Watchlist)
63,0.626490138394879,53.02267002518891,Tier 3: Above Average Risk (Watchlist)
3918,0.623292860751938,52.896725440806044,Tier 3: Above Average Risk (Watchlist)
111,0.6209012083387867,52.77078085642317,Tier 3: Above Average Risk (Watchlist)
2303,0.6199285999114256,52.64483627204031,Tier 3: Above Average Risk (Watchlist)
3583,0.6192225017359343,52.51889168765743,Tier 3: Above Average Risk (Watchlist)
2989,0.6176163439828443,52.39294710327456,Tier 3: Above Average Risk (Watchlist)
3296,0.6123986403229287,52.267002518891694,Tier 3: Above Average Risk (Watchlist)
2368,0.6100382910723344,52.141057934508815,Tier 3: Above Average Risk (Watchlist)
3511,0.6100199587801247,52.015113350125944,Tier 3: Above Average Risk (Watchlist)
364,0.6086119364895906,51.88916876574308,Tier 3: Above Average Risk (Watchlist)
4275,0.6084141679134453,51.7632241813602,Tier 3: Above Average Risk (Watchlist)
2997,0.606449784129364,51.63727959697732,Tier 3: Above Average Risk (Watchlist)
1329,0.6052967956817213,51.51133501259446,Tier 3: Above Average Risk (Watchlist)
2833,0.6023564788236475,51.385390428211586,Tier 3: Above Average Risk (Watchlist)
981,0.6014237792839171,51.25944584382871,Tier 3: Above Average Risk (Watchlist)
2774,0.6012465669591223,51.13350125944584,Tier 3: Above Average Risk (Watchlist)
88,0.6012295738421521,51.00755667506297,Tier 3: Above Average Risk (Watchlist)
1633,0.600050754109332,50.88161209068011,Tier 3: Above Average Risk (Watchlist)
548,0.599010452844483,50.75566750629723,Tier 3: Above Average Risk (Watchlist)
1389,0.5975534669259254,50.62972292191436,Tier 3: Above Average Risk (Watchlist)
1467,0.5953635767770531,50.50377833753149,Tier 3: Above Average Risk (Watchlist)
3820,0.5948043137730641,50.377833753148614,Tier 3: Above Average Risk (Watchlist)
783,0.5934524669221884,50.25188916876574,Tier 3: Above Average Risk (Watchlist)
1820,0.5928287620036794,50.12594458438288,Tier 3: Above Average Risk (Watchlist)
3929,0.592497383456586,50.0,Tier 3: Above Average Risk (Watchlist)
2265,0.592191965385773,49.87405541561713,Tier 4: Below Average Risk (Safe)
3902,0.5912438500887841,49.74811083123426,Tier 4: Below Average Risk (Safe)
3150,0.5910972622751421,49.622166246851386,Tier 4: Below Average Risk (Safe)
464,0.5889728788340997,49.496221662468514,Tier 4: Below Average Risk (Safe)
613,0.5879032155229307,49.37027707808564,Tier 4: Below Average Risk (Safe)
3154,0.587790051600269,49.24433249370277,Tier 4: Below Average Risk (Safe)
3831,0.5876803264181026,49.1183879093199,Tier 4: Below Average Risk (Safe)
835,0.5876210886237246,48.99244332493703,Tier 4: Below Average Risk (Safe)
436,0.5875964800689701,48.86649874055416,Tier 4: Below Average Risk (Safe)
545,0.5846806165653421,48.740554156171285,Tier 4: Below Average Risk (Safe)
2386,0.5792092204044694,48.614609571788414,Tier 4: Below Average Risk (Safe)
3294,0.5787800816995867,48.48866498740554,Tier 4: Below Average Risk (Safe)
3783,0.5755049926246804,48.36272040302267,Tier 4: Below Average Risk (Safe)
3046,0.5753472960086123,48.2367758186398,Tier 4: Below Average Risk (Safe)
3614,0.5749230325434916,48.11083123425693,Tier 4: Below Average Risk (Safe)
1989,0.5748971855119626,47.984886649874056,Tier 4: Below Average Risk (Safe)
493,0.5730358713670803,47.858942065491185,Tier 4: Below Average Risk (Safe)
2629,0.5725391571632791,47.73299748110831,Tier 4: Below Average Risk (Safe)
2105,0.5725202834890913,47.607052896725435,Tier 4: Below Average Risk (Safe)
4144,0.5711803557170432,47.48110831234257,Tier 4: Below Average Risk (Safe)
2900,0.5707527142819477,47.3551637279597,Tier 4: Below Average Risk (Safe)
3901,0.5701195399241513,47.22921914357683,Tier 4: Below Average Risk (Safe)
1457,0.5663387160781563,47.103274559193956,Tier 4: Below Average Risk (Safe)
3312,0.5663369839471047,46.977329974811084,Tier 4: Below Average Risk (Safe)
3651,0.5656555933087342,46.85138539042821,Tier 4: Below Average Risk (Safe)
3133,0.5638760414714561,46.725440806045334,Tier 4: Below Average Risk (Safe)
1112,0.5620424967681384,46.59949622166247,Tier 4: Below Average Risk (Safe)
641,0.5606064020061445,46.4735516372796,Tier 4: Below Average Risk (Safe)
1707,0.5600820143624953,46.34760705289673,Tier 4: Below Average Risk (Safe)
3591,0.5588323076703366,46.221662468513856,Tier 4: Below Average Risk (Safe)
1919,0.558673207446737,46.095717884130984,Tier 4: Below Average Risk (Safe)
2288,0.5581403878774422,45.96977329974811,Tier 4: Below Average Risk (Safe)
3122,0.557870030299547,45.843828715365234,Tier 4: Below Average Risk (Safe)
30,0.5565931438106266,45.71788413098237,Tier 4: Below Average Risk (Safe)
2364,0.5553560121801934,45.5919395465995,Tier 4: Below Average Risk (Safe)
3543,0.5552868357496663,45.46599496221663,Tier 4: Below Average Risk (Safe)
1148,0.5544824770762077,45.34005037783375,Tier 4: Below Average Risk (Safe)
3697,0.5506462150555818,45.214105793450884,Tier 4: Below Average Risk (Safe)
1741,0.5474256109180632,45.08816120906801,Tier 4: Below Average Risk (Safe)
1859,0.5470822371105732,44.962216624685134,Tier 4: Below Average Risk (Safe)
4402,0.5467455020785688,44.83627204030227,Tier 4: Below Average Risk (Safe)
494,0.5447329253980712,44.7103274559194,Tier 4: Below Average Risk (Safe)
1956,0.5441790648098941,44.584382871536526,Tier 4: Below Average Risk (Safe)
619,0.5429730960692446,44.45843828715365,Tier 4: Below Average Risk (Safe)
2397,0.5420165066373681,44.33249370277078,Tier 4: Below Average Risk (Safe)
848,0.5412036073644296,44.20654911838791,Tier 4: Below Average Risk (Safe)
1082,0.5392777059775167,44.08060453400503,Tier 4: Below Average Risk (Safe)
215,0.5362717147679509,43.95465994962217,Tier 4: Below Average Risk (Safe)
3550,0.5333232713223738,43.8287153652393,Tier 4: Below Average Risk (Safe)
1132,0.5332679752358477,43.702770780856426,Tier 4: Below Average Risk (Safe)
2535,0.5321974898851671,43.57682619647355,Tier 4: Below Average Risk (Safe)
851,0.5320144906011568,43.45088161209068,Tier 4: Below Average Risk (Safe)
3737,0.5295072271241605,43.32493702770781,Tier 4: Below Average Risk (Safe)
1072,0.5290654483863204,43.19899244332493,Tier 4: Below Average Risk (Safe)
4369,0.5287736791552604,43.07304785894207,Tier 4: Below Average Risk (Safe)
3887,0.5281904415862152,42.9471032745592,Tier 4: Below Average Risk (Safe)
1195,0.526583468757622,42.82115869017632,Tier 4: Below Average Risk (Safe)
2938,0.5238033455734497,42.69521410579345,Tier 4: Below Average Risk (Safe)
1602,0.5221677245689672,42.56926952141058,Tier 4: Below Average Risk (Safe)
240,0.5187102424426354,42.44332493702771,Tier 4: Below Average Risk (Safe)
3788,0.5186148637517504,42.31738035264483,Tier 4: Below Average Risk (Safe)
52,0.5144958219671875,42.19143576826197,Tier 4: Below Average Risk (Safe)
2145,0.5102679428908886,42.0654911838791,Tier 4: Below Average Risk (Safe)
4231,0.5102527272486329,41.93954659949622,Tier 4: Below Average Risk (Safe)
2466,0.5097715031731966,41.81360201511335,Tier 4: Below Average Risk (Safe)
1470,0.508919468771769,41.68765743073048,Tier 4: Below Average Risk (Safe)
2341,0.5078475731219562,41.56171284634761,Tier 4: Below Average Risk (Safe)
593,0.5077262436164216,41.43576826196473,Tier 4: Below Average Risk (Safe)
2583,0.506050083507678,41.30982367758186,Tier 4: Below Average Risk (Safe)
1031,0.5044681601123372,41.183879093198996,Tier 4: Below Average Risk (Safe)
2591,0.5037167613900158,41.05793450881612,Tier 4: Below Average Risk (Safe)
1908,0.5017145791214558,40.931989924433246,Tier 4: Below Average Risk (Safe)
2433,0.5006443371585585,40.80604534005038,Tier 4: Below Average Risk (Safe)
115,0.5000765958557652,40.68010075566751,Tier 4: Below Average Risk (Safe)
4126,0.4976462081037552,40.55415617128463,Tier 4: Below Average Risk (Safe)
2018,0.4976424659395193,40.42821158690176,Tier 4: Below Average Risk (Safe)
1413,0.494402525546417,40.302267002518896,Tier 4: Below Average Risk (Safe)
4133,0.49160154204771184,40.17632241813602,Tier 4: Below Average Risk (Safe)
766,0.4888187014679975,40.050377833753146,Tier 4: Below Average Risk (Safe)
3041,0.4886264329738573,39.92443324937028,Tier 4: Below Average Risk (Safe)
466,0.4880171661694963,39.79848866498741,Tier 4: Below Average Risk (Safe)
4161,0.4865968207160147,39.67254408060453,Tier 4: Below Average Risk (Safe)
2238,0.485125399843475,39.54659949622166,Tier 4: Below Average Risk (Safe)
371,0.48485440296852295,39.420654911838795,Tier 4: Below Average Risk (Safe)
1207,0.4840339433914555,39.29471032745592,Tier 4: Below Average Risk (Safe)
4391,0.48307293270948454,39.168765743073045,Tier 4: Below Average Risk (Safe)
1506,0.48184167859194493,39.042821158690174,Tier 4: Below Average Risk (Safe)
502,0.4817194675756778,38.91687657430731,Tier 4: Below Average Risk (Safe)
3284,0.48040603173146246,38.79093198992443,Tier 4: Below Average Risk (Safe)
2372,0.4793784056231918,38.66498740554156,Tier 4: Below Average Risk (Safe)
2777,0.4759239054038861,38.539042821158695,Tier 4: Below Average Risk (Safe)
1504,0.475062961401255,38.41309823677582,Tier 4: Below Average Risk (Safe)
2068,0.47396660171573385,38.287153652392945,Tier 4: Below Average Risk (Safe)
4321,0.4727109311777894,38.16120906801007,Tier 4: Below Average Risk (Safe)
778,0.4699870635460841,38.0352644836272,Tier 4: Below Average Risk (Safe)
1592,0.4697004582837678,37.90931989924433,Tier 4: Below Average Risk (Safe)
2100,0.4691670742819895,37.78337531486146,Tier 4: Below Average Risk (Safe)
3179,0.46811805607539514,37.657430730478595,Tier 4: Below Average Risk (Safe)
677,0.468113192792522,37.531486146095716,Tier 4: Below Average Risk (Safe)
3415,0.46514991290744606,37.405541561712845,Tier 4: Below Average Risk (Safe)
510,0.4640251364762511,37.27959697732997,Tier 4: Below Average Risk (Safe)
138,0.46392256874657467,37.1536523929471,Tier 4: Below Average Risk (Safe)
822,0.4616524962202528,37.02770780856423,Tier 4: Below Average Risk (Safe)
1767,0.45910128374849923,36.90176322418136,Tier 4: Below Average Risk (Safe)
1424,0.45594298648532344,36.775818639798494,Tier 4: Below Average Risk (Safe)
1605,0.45503701021159265,36.649874055415616,Tier 4: Below Average Risk (Safe)
3394,0.45476959201574585,36.523929471032744,Tier 4: Below Average Risk (Safe)
718,0.4477002565304707,36.39798488664987,Tier 4: Below Average Risk (Safe)
761,0.44749577806092816,36.272040302267,Tier 4: Below Average Risk (Safe)
1321,0.44653369641025764,36.14609571788413,Tier 4: Below Average Risk (Safe)
1270,0.44603308189550034,36.02015113350126,Tier 4: Below Average Risk (Safe)
772,0.445025929160889,35.894206549118394,Tier 4: Below Average Risk (Safe)
2215,0.44347272489264994,35.768261964735515,Tier 4: Below Average Risk (Safe)
381,0.4431170665745368,35.642317380352644,Tier 4: Below Average Risk (Safe)
2246,0.4423698491510297,35.51637279596977,Tier 4: Below Average Risk (Safe)
19,0.4411630445425707,35.3904282115869,Tier 4: Below Average Risk (Safe)
344,0.44055419991788164,35.26448362720403,Tier 4: Below Average Risk (Safe)
1756,0.44034072983332573,35.13853904282116,Tier 4: Below Average Risk (Safe)
319,0.43943153468013446,35.012594458438286,Tier 4: Below Average Risk (Safe)
1184,0.43317738182621285,34.886649874055415,Tier 4: Below Average Risk (Safe)
1454,0.43189899999949155,34.76070528967254,Tier 4: Below Average Risk (Safe)
199,0.431399197250203,34.63476070528967,Tier 4: Below Average Risk (Safe)
2278,0.4307419233741958,34.5088161209068,Tier 4: Below Average Risk (Safe)
1652,0.4284386196115581,34.38287153652393,Tier 4: Below Average Risk (Safe)
3293,0.4261941772884179,34.25692695214106,Tier 4: Below Average Risk (Safe)
1959,0.42259791288033416,34.130982367758186,Tier 4: Below Average Risk (Safe)
1229,0.42234835229919876,34.005037783375315,Tier 4: Below Average Risk (Safe)
1407,0.42003146281465065,33.87909319899244,Tier 4: Below Average Risk (Safe)
3273,0.4171823270790654,33.75314861460957,Tier 4: Below Average Risk (Safe)
1577,0.4167772131952882,33.6272040302267,Tier 4: Below Average Risk (Safe)
546,0.4153225939618197,33.50125944584383,Tier 4: Below Average Risk (Safe)
4397,0.4150328409412643,33.37531486146096,Tier 4: Below Average Risk (Safe)
4284,0.4149974858566241,33.249370277078086,Tier 4: Below Average Risk (Safe)
1376,0.41322621916551233,33.123425692695214,Tier 4: Below Average Risk (Safe)
1843,0.4124845965710596,32.99748110831234,Tier 4: Below Average Risk (Safe)
1039,0.4123655429498493,32.87153652392947,Tier 4: Below Average Risk (Safe)
2783,0.4091490233059402,32.7455919395466,Tier 4: Below Average Risk (Safe)
3768,0.40849674396853464,32.61964735516373,Tier 4: Below Average Risk (Safe)
3000,0.4079723786281702,32.49370277078086,Tier 4: Below Average Risk (Safe)
1335,0.4079223159148137,32.367758186397985,Tier 4: Below Average Risk (Safe)
1780,0.4060087029621474,32.241813602015114,Tier 4: Below Average Risk (Safe)
1144,0.40568208209560414,32.11586901763224,Tier 4: Below Average Risk (Safe)
2555,0.40530373970737393,31.98992443324937,Tier 4: Below Average Risk (Safe)
2589,0.4032800521104328,31.863979848866496,Tier 4: Below Average Risk (Safe)
3174,0.39912306996190683,31.738035264483628,Tier 4: Below Average Risk (Safe)
95,0.3979245256003552,31.612090680100756,Tier 4: Below Average Risk (Safe)
3440,0.39612294904869405,31.48614609571788,Tier 4: Below Average Risk (Safe)
3524,0.39327606712340624,31.360201511335013,Tier 4: Below Average Risk (Safe)
3810,0.3926917306760149,31.234256926952142,Tier 4: Below Average Risk (Safe)
738,0.39022139490766705,31.10831234256927,Tier 4: Below Average Risk (Safe)
609,0.3866719182413842,30.982367758186395,Tier 4: Below Average Risk (Safe)
2832,0.3862250270569841,30.856423173803528,Tier 4: Below Average Risk (Safe)
175,0.3852659583024867,30.730478589420656,Tier 4: Below Average Risk (Safe)
4043,0.38377597309253775,30.60453400503778,Tier 4: Below Average Risk (Safe)
2370,0.38291431806900017,30.478589420654913,Tier 4: Below Average Risk (Safe)
1815,0.3783900747600767,30.35264483627204,Tier 4: Below Average Risk (Safe)
2875,0.37682658323123425,30.22670025188917,Tier 4: Below Average Risk (Safe)
4202,0.37681302586879484,30.100755667506295,Tier 4: Below Average Risk (Safe)
51,0.3763678348346314,29.974811083123427,Tier 4: Below Average Risk (Safe)
4177,0.3741959014718575,29.848866498740556,Tier 4: Below Average Risk (Safe)
1524,0.3709987424453044,29.72292191435768,Tier 4: Below Average Risk (Safe)
3359,0.37075545560007617,29.59697732997481,Tier 4: Below Average Risk (Safe)
1396,0.3693969894418312,29.47103274559194,Tier 4: Below Average Risk (Safe)
98,0.3678363327017952,29.345088161209066,Tier 4: Below Average Risk (Safe)
1290,0.3652956178329909,29.219143576826195,Tier 4: Below Average Risk (Safe)
3653,0.36359700336823814,29.093198992443327,Tier 4: Below Average Risk (Safe)
2119,0.3634802043412209,28.967254408060455,Tier 4: Below Average Risk (Safe)
631,0.36311415639552425,28.84130982367758,Tier 4: Below Average Risk (Safe)
1427,0.3623662695910014,28.71536523929471,Tier 4: Below Average Risk (Safe)
2628,0.3621227375451971,28.58942065491184,Tier 4: Below Average Risk (Safe)
3508,0.35960770092996086,28.463476070528966,Tier 4: Below Average Risk (Safe)
1595,0.356705757915347,28.337531486146094,Tier 4: Below Average Risk (Safe)
1601,0.3560312392389807,28.211586901763226,Tier 4: Below Average Risk (Safe)
3098,0.3554018220097198,28.085642317380355,Tier 4: Below Average Risk (Safe)
3607,0.3539492490431321,27.95969773299748,Tier 4: Below Average Risk (Safe)
2941,0.35373518637535944,27.83375314861461,Tier 4: Below Average Risk (Safe)
349,0.3529522896606485,27.70780856423174,Tier 4: Below Average Risk (Safe)
2599,0.35236948357020575,27.581863979848865,Tier 4: Below Average Risk (Safe)
3158,0.352317546474657,27.455919395465994,Tier 4: Below Average Risk (Safe)
1586,0.3507552484154042,27.329974811083126,Tier 4: Below Average Risk (Safe)
4072,0.34999175112482445,27.204030226700255,Tier 4: Below Average Risk (Safe)
2027,0.3496995343327866,27.07808564231738,Tier 4: Below Average Risk (Safe)
2467,0.3480207247552731,26.952141057934508,Tier 4: Below Average Risk (Safe)
4237,0.34763284744754136,26.82619647355164,Tier 4: Below Average Risk (Safe)
1688,0.34635151027328465,26.700251889168765,Tier 4: Below Average Risk (Safe)
646,0.34566484114735835,26.574307304785894,Tier 4: Below Average Risk (Safe)
3211,0.342853905796184,26.448362720403022,Tier 4: Below Average Risk (Safe)
3113,0.34209197367017313,26.322418136020154,Tier 4: Below Average Risk (Safe)
1064,0.34018856225747507,26.19647355163728,Tier 4: Below Average Risk (Safe)
2634,0.33852712414736796,26.070528967254408,Tier 4: Below Average Risk (Safe)
1978,0.3376583410634646,25.94458438287154,Tier 4: Below Average Risk (Safe)
2205,0.33624446925463053,25.81863979848866,Tier 4: Below Average Risk (Safe)
4392,0.3340744675034607,25.692695214105793,Tier 4: Below Average Risk (Safe)
4338,0.33336248921273576,25.56675062972292,Tier 4: Below Average Risk (Safe)
3681,0.33310961326159144,25.440806045340054,Tier 4: Below Average Risk (Safe)
3202,0.3309154903841642,25.31486146095718,Tier 4: Below Average Risk (Safe)
1546,0.3298905093580219,25.188916876574307,Tier 4: Below Average Risk (Safe)
2242,0.3297846436215041,25.06297229219144,Tier 4: Below Average Risk (Safe)
4266,0.3297154994356276,24.937027707808564,Tier 4: Below Average Risk (Safe)
2646,0.32741239837881553,24.811083123425693,Tier 4: Below Average Risk (Safe)
1770,0.3265704365493988,24.68513853904282,Tier 4: Below Average Risk (Safe)
3468,0.3264777548138117,24.55919395465995,Tier 4: Below Average Risk (Safe)
3924,0.32398247328475815,24.43324937027708,Tier 4: Below Average Risk (Safe)
3350,0.3237769447167774,24.307304785894207,Tier 4: Below Average Risk (Safe)
2732,0.32184638564538476,24.181360201511335,Tier 4: Below Average Risk (Safe)
3700,0.3209597534829328,24.055415617128464,Tier 4: Below Average Risk (Safe)
2480,0.3191620702555531,23.929471032745592,Tier 4: Below Average Risk (Safe)
2140,0.3179307191143091,23.803526448362717,Tier 4: Below Average Risk (Safe)
3329,0.31440770814375524,23.67758186397985,Tier 4: Below Average Risk (Safe)
1564,0.3064767171885895,23.551637279596978,Tier 4: Below Average Risk (Safe)
1608,0.30628655447823055,23.425692695214106,Tier 4: Below Average Risk (Safe)
3126,0.30377176060381156,23.299748110831235,Tier 4: Below Average Risk (Safe)
3603,0.3030064609456143,23.173803526448363,Tier 4: Below Average Risk (Safe)
3450,0.3025355568244267,23.047858942065492,Tier 4: Below Average Risk (Safe)
479,0.3017243556883863,22.921914357682617,Tier 4: Below Average Risk (Safe)
1659,0.30169431434072924,22.79596977329975,Tier 4: Below Average Risk (Safe)
1829,0.3008970780359859,22.670025188916874,Tier 4: Below Average Risk (Safe)
3378,0.30021595368505677,22.544080604534006,Tier 4: Below Average Risk (Safe)
4191,0.2999883446171859,22.418136020151135,Tier 4: Below Average Risk (Safe)
1118,0.2968639014447603,22.292191435768263,Tier 4: Below Average Risk (Safe)
3743,0.29546389249655636,22.16624685138539,Tier 4: Below Average Risk (Safe)
2952,0.29232014807952306,22.040302267002517,Tier 4: Below Average Risk (Safe)
721,0.29101072479395046,21.91435768261965,Tier 4: Below Average Risk (Safe)
1336,0.2902153381887498,21.788413098236774,Tier 4: Below Average Risk (Safe)
1570,0.2888662391184035,21.662468513853906,Tier 4: Below Average Risk (Safe)
815,0.2874263220401153,21.536523929471034,Tier 4: Below Average Risk (Safe)
4053,0.2855175997681955,21.41057934508816,Tier 4: Below Average Risk (Safe)
4269,0.28500200714627794,21.28463476070529,Tier 4: Below Average Risk (Safe)
2301,0.28482670889479605,21.158690176322416,Tier 4: Below Average Risk (Safe)
506,0.2844423458825701,21.03274559193955,Tier 4: Below Average Risk (Safe)
3609,0.2837314092416898,20.906801007556673,Tier 4: Below Average Risk (Safe)
3466,0.28217841010701783,20.780856423173805,Tier 4: Below Average Risk (Safe)
2915,0.28164698440701275,20.65491183879093,Tier 4: Below Average Risk (Safe)
1400,0.2815807308536983,20.52896725440806,Tier 4: Below Average Risk (Safe)
3556,0.27966132467151983,20.40302267002519,Tier 4: Below Average Risk (Safe)
1650,0.27682845429183844,20.277078085642316,Tier 4: Below Average Risk (Safe)
250,0.27639210249208007,20.151133501259448,Tier 4: Below Average Risk (Safe)
69,0.27540314637209723,20.025188916876573,Tier 4: Below Average Risk (Safe)
2558,0.27215452061894174,19.899244332493705,Tier 4: Below Average Risk (Safe)
328,0.2716155498102444,19.77329974811083,Tier 4: Below Average Risk (Safe)
1693,0.26994688094088254,19.64735516372796,Tier 4: Below Average Risk (Safe)
21,0.2694335592838411,19.521410579345087,Tier 4: Below Average Risk (Safe)
2709,0.26623426911246706,19.395465994962215,Tier 4: Below Average Risk (Safe)
4087,0.2658689274666015,19.269521410579348,Tier 4: Below Average Risk (Safe)
449,0.2653527108927961,19.143576826196472,Tier 4: Below Average Risk (Safe)
4125,0.26186160095039795,19.0176322418136,Tier 4: Below Average Risk (Safe)
2831,0.2610488100328742,18.89168765743073,Tier 4: Below Average Risk (Safe)
2568,0.26089902387118347,18.765743073047858,Tier 4: Below Average Risk (Safe)
3091,0.25927294688688834,18.639798488664987,Tier 4: Below Average Risk (Safe)
2675,0.25745369745441227,18.513853904282115,Tier 4: Below Average Risk (Safe)
3406,0.2502788352881175,18.387909319899247,Tier 4: Below Average Risk (Safe)
1922,0.24780340259497008,18.261964735516372,Tier 4: Below Average Risk (Safe)
765,0.2460063960562786,18.1360201511335,Tier 4: Below Average Risk (Safe)
400,0.24498655127036023,18.01007556675063,Tier 4: Below Average Risk (Safe)
2339,0.24423028743472158,17.884130982367758,Tier 4: Below Average Risk (Safe)
2685,0.24343217516544077,17.758186397984886,Tier 4: Below Average Risk (Safe)
656,0.24288448791849437,17.632241813602015,Tier 4: Below Average Risk (Safe)
2323,0.24216151188697968,17.506297229219143,Tier 4: Below Average Risk (Safe)
1354,0.2413322605605588,17.38035264483627,Tier 4: Below Average Risk (Safe)
2491,0.24075862901072625,17.2544080604534,Tier 4: Below Average Risk (Safe)
3426,0.23946075085327387,17.12846347607053,Tier 4: Below Average Risk (Safe)
2557,0.23926891495180097,17.002518891687657,Tier 4: Below Average Risk (Safe)
2807,0.23908555692955738,16.876574307304786,Tier 4: Below Average Risk (Safe)
832,0.2389458163548062,16.750629722921914,Tier 4: Below Average Risk (Safe)
1657,0.2383374502379378,16.624685138539043,Tier 4: Below Average Risk (Safe)
4057,0.23708758392488438,16.49874055415617,Tier 4: Below Average Risk (Safe)
2156,0.23505133170009979,16.3727959697733,Tier 4: Below Average Risk (Safe)
2746,0.23234764960143678,16.24685138539043,Tier 4: Below Average Risk (Safe)
1214,0.23111175102916728,16.120906801007557,Tier 4: Below Average Risk (Safe)
1314,0.23014700858816592,15.994962216624685,Tier 4: Below Average Risk (Safe)
2419,0.22867986155890802,15.869017632241814,Tier 4: Below Average Risk (Safe)
3701,0.2284931892143919,15.74307304785894,Tier 4: Below Average Risk (Safe)
62,0.22465280422900336,15.617128463476071,Tier 4: Below Average Risk (Safe)
4100,0.2230442506969024,15.491183879093198,Tier 4: Below Average Risk (Safe)
1487,0.2220042425570054,15.365239294710328,Tier 4: Below Average Risk (Safe)
1434,0.21796964153469692,15.239294710327457,Tier 4: Below Average Risk (Safe)
3410,0.21668763203499483,15.113350125944585,Tier 4: Below Average Risk (Safe)
2091,0.21558769830714322,14.987405541561714,Tier 4: Below Average Risk (Safe)
4153,0.21505613763728515,14.86146095717884,Tier 4: Below Average Risk (Safe)
809,0.21489212695751223,14.73551637279597,Tier 4: Below Average Risk (Safe)
2686,0.21484003028635248,14.609571788413097,Tier 4: Below Average Risk (Safe)
3637,0.21370253993206667,14.483627204030228,Tier 4: Below Average Risk (Safe)
1456,0.2127619226015331,14.357682619647354,Tier 4: Below Average Risk (Safe)
1893,0.2123525037143677,14.231738035264483,Tier 4: Below Average Risk (Safe)
292,0.21109644459907184,14.105793450881613,Tier 4: Below Average Risk (Safe)
4274,0.21051206178359752,13.97984886649874,Tier 4: Below Average Risk (Safe)
3313,0.20801553258067082,13.85390428211587,Tier 4: Below Average Risk (Safe)
3148,0.20791316385300243,13.727959697732997,Tier 4: Below Average Risk (Safe)
655,0.20675914168154144,13.602015113350127,Tier 4: Below Average Risk (Safe)
1355,0.20660884463969897,13.476070528967254,Tier 4: Below Average Risk (Safe)
2284,0.20442285346436306,13.350125944584383,Tier 4: Below Average Risk (Safe)
1464,0.20346377218784314,13.224181360201511,Tier 4: Below Average Risk (Safe)
3108,0.1997205083784065,13.09823677581864,Tier 4: Below Average Risk (Safe)
3404,0.19966219329877877,12.97229219143577,Tier 4: Below Average Risk (Safe)
1665,0.19760852105195117,12.846347607052897,Tier 4: Below Average Risk (Safe)
547,0.1973074355198276,12.720403022670027,Tier 4: Below Average Risk (Safe)
3134,0.19676501696878052,12.594458438287154,Tier 4: Below Average Risk (Safe)
83,0.19640896279066847,12.468513853904282,Tier 4: Below Average Risk (Safe)
594,0.19497610331756907,12.34256926952141,Tier 4: Below Average Risk (Safe)
807,0.1919880969807356,12.21662468513854,Tier 4: Below Average Risk (Safe)
3554,0.18787028915527626,12.090680100755668,Tier 4: Below Average Risk (Safe)
1992,0.18517996493245786,11.964735516372796,Tier 4: Below Average Risk (Safe)
3815,0.18454053588184466,11.838790931989925,Tier 4: Below Average Risk (Safe)
4166,0.18189911638075107,11.712846347607053,Tier 4: Below Average Risk (Safe)
1348,0.18173081099997643,11.586901763224182,Tier 4: Below Average Risk (Safe)
582,0.179361419587805,11.460957178841308,Tier 4: Below Average Risk (Safe)
3890,0.17908878511213466,11.335012594458437,Tier 4: Below Average Risk (Safe)
1089,0.17905495925926568,11.209068010075567,Tier 4: Below Average Risk (Safe)
4156,0.1779030122782745,11.083123425692696,Tier 4: Below Average Risk (Safe)
2536,0.1773410411413288,10.957178841309824,Tier 4: Below Average Risk (Safe)
2212,0.17677136014876677,10.831234256926953,Tier 4: Below Average Risk (Safe)
2817,0.1752792918765528,10.70528967254408,Tier 4: Below Average Risk (Safe)
3416,0.16964258110823882,10.579345088161208,Tier 4: Below Average Risk (Safe)
2823,0.16938013823536147,10.453400503778337,Tier 4: Below Average Risk (Safe)
692,0.16855850027559838,10.327455919395465,Tier 4: Below Average Risk (Safe)
1560,0.16747624717465487,10.201511335012595,Tier 4: Below Average Risk (Safe)
3026,0.16673566781333113,10.075566750629724,Tier 4: Below Average Risk (Safe)
483,0.16567902097197204,9.949622166246852,Tier 4: Below Average Risk (Safe)
2477,0.165522659826538,9.82367758186398,Tier 4: Below Average Risk (Safe)
3368,0.16486155674002367,9.697732997481108,Tier 4: Below Average Risk (Safe)
2130,0.16354711559983606,9.571788413098236,Tier 4: Below Average Risk (Safe)
799,0.16340776991564562,9.445843828715365,Tier 4: Below Average Risk (Safe)
1806,0.16171467515351204,9.319899244332493,Tier 4: Below Average Risk (Safe)
4103,0.16109903862388192,9.193954659949624,Tier 4: Below Average Risk (Safe)
2450,0.15995850812059695,9.06801007556675,Tier 4: Below Average Risk (Safe)
3401,0.1589646835573986,8.942065491183879,Tier 4: Below Average Risk (Safe)
544,0.15843201373325777,8.816120906801007,Tier 4: Below Average Risk (Safe)
3891,0.15594638027552005,8.690176322418136,Tier 4: Below Average Risk (Safe)
4218,0.15550938118811894,8.564231738035264,Tier 4: Below Average Risk (Safe)
150,0.15491766335348633,8.438287153652393,Tier 4: Below Average Risk (Safe)
937,0.15423885399675913,8.312342569269521,Tier 4: Below Average Risk (Safe)
3910,0.15396514240040976,8.18639798488665,Tier 4: Below Average Risk (Safe)
816,0.15168744928525305,8.060453400503778,Tier 4: Below Average Risk (Safe)
898,0.1473082726223716,7.934508816120907,Tier 4: Below Average Risk (Safe)
2302,0.14637332776425224,7.8085642317380355,Tier 4: Below Average Risk (Safe)
1518,0.1459890181680199,7.682619647355164,Tier 4: Below Average Risk (Safe)
3139,0.14588275166720485,7.5566750629722925,Tier 4: Below Average Risk (Safe)
59,0.145576687949531,7.43073047858942,Tier 4: Below Average Risk (Safe)
2057,0.1437113071676376,7.304785894206549,Tier 4: Below Average Risk (Safe)
4243,0.14289753805217018,7.178841309823677,Tier 4: Below Average Risk (Safe)
329,0.14271274454232505,7.052896725440807,Tier 4: Below Average Risk (Safe)
3469,0.13795871321357744,6.926952141057935,Tier 4: Below Average Risk (Safe)
2190,0.13705635351306655,6.801007556675064,Tier 4: Below Average Risk (Safe)
1611,0.1332948803235385,6.675062972292191,Tier 4: Below Average Risk (Safe)
3736,0.1332643145111193,6.54911838790932,Tier 4: Below Average Risk (Safe)
127,0.1332115523586277,6.423173803526448,Tier 4: Below Average Risk (Safe)
27,0.1318780078584763,6.297229219143577,Tier 4: Below Average Risk (Safe)
3070,0.130237257321952,6.171284634760705,Tier 4: Below Average Risk (Safe)
541,0.12992625549701628,6.045340050377834,Tier 4: Below Average Risk (Safe)
4116,0.12835382510457263,5.919395465994962,Tier 4: Below Average Risk (Safe)
2728,0.12714642342527505,5.793450881612091,Tier 4: Below Average Risk (Safe)
4025,0.12611357059029557,5.6675062972292185,Tier 4: Below Average Risk (Safe)
4065,0.1239330825652545,5.541561712846348,Tier 4: Below Average Risk (Safe)
2776,0.12225850545783222,5.415617128463476,Tier 4: Below Average Risk (Safe)
1928,0.12104448449028432,5.289672544080604,Tier 4: Below Average Risk (Safe)
2453,0.11587711080165465,5.163727959697733,Tier 4: Below Average Risk (Safe)
1146,0.11458178765359875,5.037783375314862,Tier 4: Below Average Risk (Safe)
2260,0.11212878959422821,4.91183879093199,Tier 4: Below Average Risk (Safe)
25,0.11186989061488666,4.785894206549118,Tier 4: Below Average Risk (Safe)
1286,0.10961700078031515,4.659949622166247,Tier 4: Below Average Risk (Safe)
2657,0.10705076345601394,4.534005037783375,Tier 4: Below Average Risk (Safe)
1337,0.10548621613053533,4.408060453400504,Tier 4: Below Average Risk (Safe)
403,0.10491654865489256,4.282115869017632,Tier 4: Below Average Risk (Safe)
577,0.10444141861575479,4.156171284634761,Tier 4: Below Average Risk (Safe)
3060,0.10367634826621597,4.030226700251889,Tier 4: Below Average Risk (Safe)
2551,0.10117617654344772,3.9042821158690177,Tier 4: Below Average Risk (Safe)
4115,0.10019141891963004,3.7783375314861463,Tier 4: Below Average Risk (Safe)
2828,0.09912000249969445,3.6523929471032743,Tier 4: Below Average Risk (Safe)
800,0.0981879004516718,3.5264483627204033,Tier 4: Below Average Risk (Safe)
454,0.09616186749162088,3.400503778337532,Tier 4: Below Average Risk (Safe)
818,0.0953767882184075,3.27455919395466,Tier 4: Below Average Risk (Safe)
4079,0.0948791614310719,3.1486146095717884,Tier 4: Below Average Risk (Safe)
286,0.09486278249988007,3.022670025188917,Tier 4: Below Average Risk (Safe)
257,0.09381828117823257,2.8967254408060454,Tier 4: Below Average Risk (Safe)
2627,0.09344808337473953,2.770780856423174,Tier 4: Below Average Risk (Safe)
378,0.09125904044816663,2.644836272040302,Tier 4: Below Average Risk (Safe)
2305,0.08867013840837104,2.518891687657431,Tier 4: Below Average Risk (Safe)
3886,0.08279974852825348,2.392947103274559,Tier 4: Below Average Risk (Safe)
938,0.08188875880141265,2.2670025188916876,Tier 4: Below Average Risk (Safe)
3558,0.08099988924896692,2.141057934508816,Tier 4: Below Average Risk (Safe)
3840,0.08054238842045623,2.0151133501259446,Tier 4: Below Average Risk (Safe)
643,0.08048898382656204,1.8891687657430731,Tier 4: Below Average Risk (Safe)
1755,0.07461718472710924,1.7632241813602016,Tier 4: Below Average Risk (Safe)
1808,0.07059503237364166,1.63727959697733,Tier 4: Below Average Risk (Safe)
2186,0.068030171439865,1.5113350125944585,Tier 4: Below Average Risk (Safe)
1579,0.06768016242943482,1.385390428211587,Tier 4: Below Average Risk (Safe)
2533,0.06556133359133293,1.2594458438287155,Tier 4: Below Average Risk (Safe)
3616,0.06140302078497597,1.1335012594458438,Tier 4: Below Average Risk (Safe)
1141,0.05879201306672705,1.0075566750629723,Tier 4: Below Average Risk (Safe)
1421,0.05259560084345108,0.8816120906801008,Tier 4: Below Average Risk (Safe)
181,0.050973508333100465,0.7556675062972292,Tier 4: Below Average Risk (Safe)
1432,0.05072506274887299,0.6297229219143577,Tier 4: Below Average Risk (Safe)
4031,0.05069327972876956,0.5037783375314862,Tier 4: Below Average Risk (Safe)
1035,0.04749849726458229,0.3778337531486146,Tier 4: Below Average Risk (Safe)
278,0.04120591842427096,0.2518891687657431,Tier 4: Below Average Risk (Safe)
3627,0.04118202960887913,0.12594458438287154,Tier 4: Below Average Risk (Safe)
